{
    "192.168.137.170": 100.7666016,
    "192.168.137.171": 299.9707031,
    "192.168.137.172": 287.7978516, # l thigh
    "192.168.137.173": 13.57910156, # l shank
    "192.168.137.174": 108.6987305,
    "192.168.137.175": 52.05322266,
    "192.168.137.150": 16.45751953,
    "192.168.137.151": 112.3681641,
    "192.168.137.152": 83.95751953, # r thigh
    "192.168.137.153": 94.41650391, # r shank
    "192.168.137.154": 244.1157227, 
    "192.168.137.155": 59.98535156, 
    "192.168.137.190": 314.6264648,
    "192.168.137.191": 161.7236328,
    "192.168.137.192": 172.7832518
}
