{
    "192.168.137.170": 99.03076172,
    "192.168.137.171": 301.7944336,
    "192.168.137.172": 287.8857422,
    "192.168.137.173": 13.86474609,
    "192.168.137.174": 106.6333008,
    "192.168.137.175": 51.0665625,
    "192.168.137.150": 16.38037109,
    "192.168.137.151": 112.7856898,
    "192.168.137.152": 79.60693359,
    "192.168.137.153": 94.32861328,
    "192.168.137.154": 245.0830078,
    "192.168.137.155": 59.17236328,
    "192.168.137.190": 314.6264648,
    "192.168.137.191": 135.6935938,
    "192.168.137.192": 172.7832518
}
